{
  "dev": {
    "awscloudformation": {
      "AuthRoleName": "amplify-totp-dev-95841-authRole",
      "UnauthRoleArn": "arn:aws:iam::123710206839:role/amplify-totp-dev-95841-unauthRole",
      "AuthRoleArn": "arn:aws:iam::123710206839:role/amplify-totp-dev-95841-authRole",
      "Region": "us-east-1",
      "DeploymentBucketName": "amplify-totp-dev-95841-deployment",
      "UnauthRoleName": "amplify-totp-dev-95841-unauthRole",
      "StackName": "amplify-totp-dev-95841",
      "StackId": "arn:aws:cloudformation:us-east-1:123710206839:stack/amplify-totp-dev-95841/a8ce3480-6337-11ec-967d-0a1fc4ee6b35",
      "AmplifyAppId": "d2bmev3tc13c71"
    },
    "categories": {
      "auth": {
        "totp292082eb292082eb": {}
      }
    }
  }
}