{
  "version": "1",
  "cognitoConfig": {
    "identityPoolName": "totp292082eb_identitypool_292082eb",
    "allowUnauthenticatedIdentities": false,
    "resourceNameTruncated": "totp292082eb",
    "userPoolName": "totp292082eb_userpool_292082eb",
    "autoVerifiedAttributes": [
      "email"
    ],
    "mfaConfiguration": "ON",
    "mfaTypes": [
      "TOTP"
    ],
    "smsAuthenticationMessage": "Your authentication code is {####}",
    "smsVerificationMessage": "Your verification code is {####}",
    "emailVerificationSubject": "Your verification code",
    "emailVerificationMessage": "Your verification code is {####}",
    "defaultPasswordPolicy": false,
    "passwordPolicyMinLength": 8,
    "passwordPolicyCharacters": [],
    "requiredAttributes": [
      "email"
    ],
    "aliasAttributes": [],
    "userpoolClientGenerateSecret": false,
    "userpoolClientRefreshTokenValidity": 30,
    "userpoolClientWriteAttributes": [
      "email"
    ],
    "userpoolClientReadAttributes": [
      "email"
    ],
    "userpoolClientLambdaRole": "totp29292082eb_userpoolclient_lambda_role",
    "userpoolClientSetAttributes": false,
    "sharedId": "292082eb",
    "resourceName": "totp292082eb292082eb",
    "authSelections": "identityPoolAndUserPool",
    "useDefault": "manual",
    "thirdPartyAuth": true,
    "authProviders": [],
    "usernameAttributes": [
      "email"
    ],
    "userPoolGroups": false,
    "adminQueries": false,
    "triggers": {},
    "hostedUI": false,
    "userPoolGroupList": [],
    "serviceName": "Cognito",
    "usernameCaseSensitive": false,
    "useEnabledMfas": true
  }
}